Transition	Producer	Input type	Output type	Normative authority	Binding	Allowed information	Forbidden inference
A Evidence Discovery	Session B calls resolveInvestigation	InvestigationAction + canonical prefix EntityRef[]	InvestigationResult.found EvidenceId[] (INTERNAL)	MYST-0003 §§3/6; Session B §5	Access→Truth caseId/truthHash; package identity; known target	Exact authored OR access paths; found existing Evidence	Found Evidence does not grant true proposition, expose links or auto-run next investigation
A→B Observation Release	Session B new discoveries calls releaseEvidence	EvidencePresentation + evidenceId + PlayerRefTranslator	EvidenceObservation	MYST-0004 §§4/5; Session B §5	Presentation→Truth; translator T; inverse kind/ref; atomically accepted event	Authored text, evidence PlayerRef, mentions, reports; output sorted by public ref	Discovery is not released payload; observation report is not objective truth
C NPC Observation	projectNpcKnowledgeWithBridge→decideResponse→interrogate	T/S/NPC snapshot/profile/catalogue + prefix canonical Known + questionId	InterrogationObservation	MYST-0005A §§4; MYST-0005B §§4/5	T/S/profile/catalogue/npc; objectidentity bridge; explicit reveal; package	Selected answer/commitment, act, public response stance, statement, mentions	knowledge-vs-belief marker, VisibleRef, hidden awareness, internal intent/provenance never public
C/D Reported Statement	M4 PlayerReport or M5B statement; Session A/B receipt record	Exact released report or answer affirms/denies	ObservationRecord with player-reception provenance	M4 §3.2/5.4; M5B §5; Session A §3	Exact emitting evidence/NPC + question + accepted eventIndex + package	Received polarity and exact authored public source	NPC asserts P or player heard P does not imply P; uncertainty does not imply either Boolean
B/C/D→E PlayerKnowledge	initialPlayerKnowledge/recordEvidence/recordInterrogation at accepted B commit	Initial known or validated Evidence/NPC Observation	PlayerKnowledge {known, discoveries, observations}	Session A §3; B §5	Immutable exact package; ordered accepted event prefix	Initial grants; evidence itself; explicit mentions; chronological repeated reports	No world-literal set, no Truth traversal, no hidden EntityRef autogrant, no conflicting-report overwrite
E→F Authored Proof Premise	forge-release-proof-v1 case-abnahme runner	Actual replayed journal/Known + exact certificate map + public-law receipts	SOL ReleasedObservation union	Session A §2 targeted annex; SOL §§4/6	caseId/truthHash/solutionHash/releaseHash + releaseContextHash/PublicContent hash + exact selectors	OBSERVED with explicit factivity license; source-specific REPORTED_BY_NPC; ENTITY_AWARENESS; gated PUBLIC_RULE	No generic truth extraction, profile canned releases, source confusion, first-match aliases, leans promotion
F→G Proof Route	checkCaseSolvability	Bound CaseProofProfile + same ordered WitnessReplay + T/S	Private least-fixed-point trace; finite surviving answer vectors; pass/fail/unknown	MYST-SOLVABILITY-0001 §§6/7	Exact roots, public descriptors/body/yield/license; T/S canonical checks	Finite AND edges; negative literal explicit; licensed alternative edges; all required goals	Reports do not automatically seed facts; private Truth/Solution never proof roots; unknown not false
G→H Challenge Answer	Player choice (optionally assisted by deduction)	Player-selected person or four explicit PlayerConclusionClaim Bool literals	SessionEvent accuse{literals}	Session B §4/6; Vitrine D8 repair	All refs prefix-Known; host chooses fixed challenge/package	Vitrine one selection expands into four direct_actor literals; can guess immediately	No required dependency from proof trace to runtime input; no citations/proof receipts as hidden Siegbedingung
H→I Canonical Verdict	parseAccusation→evaluateChallengeAccusation→evaluateAccusation/evaluateConclusionClaim	Canonical accusation + host-bound T/S/Challenge	SessionOutput accuse{verdict}; derived terminal phase	MYST-0002 FINAL §5/7/15; CH §§4/5; B §§5/6	Solution→Truth; Challenge→T/S; Accusation→Truth; scope/required/exact Boolean	Only solved/not_solved to player; technical faults private/unavailable	No per-claim truth/status/reasons or proof-only secrets; certificate pass does not determine an individual runtime verdict
