id,group,input,expected,evidence,requirements,review,layer,productionExecution
AV-001,Bootstrap / Prozess,"Gültiger öffentlicher Repo-Input, exakte BASE-/HEAD-Refs",PASS,SPECIFIED — noch kein Integrationstest,"[""A-INPUT"", ""A-FETCH""]",MAPPED; keine zusätzliche Widerspruchsfeststellung bei Contract-Level-Prüfung,Layerisoliert gemäß §13; Fullfunnel darf früh sicher rejecten,NOT_EXECUTED
AV-002,Bootstrap / Prozess,GITHUB_SHA mit 39 Hexzeichen,PR_INPUT,SPECIFIED — noch kein Integrationstest,"[""A-INPUT"", ""A-FETCH""]",MAPPED; keine zusätzliche Widerspruchsfeststellung bei Contract-Level-Prüfung,Layerisoliert gemäß §13; Fullfunnel darf früh sicher rejecten,NOT_EXECUTED
AV-003,Bootstrap / Prozess,SHA mit Großbuchstaben oder :path Suffix,PR_INPUT,SPECIFIED — noch kein Integrationstest,"[""A-INPUT"", ""A-FETCH""]",MAPPED; keine zusätzliche Widerspruchsfeststellung bei Contract-Level-Prüfung,Layerisoliert gemäß §13; Fullfunnel darf früh sicher rejecten,NOT_EXECUTED
AV-004,Bootstrap / Prozess,"PR-Nummer 0, negativ oder Exponentialnotation",PR_INPUT,SPECIFIED — noch kein Integrationstest,"[""A-INPUT"", ""A-FETCH""]","GAP: Exponentialnotation ist lexikalisch, positiver Integerwert allein schließt 1e0 nicht aus.",Layerisoliert gemäß §13; Fullfunnel darf früh sicher rejecten,NOT_EXECUTED
AV-005,Bootstrap / Prozess,Eventdatei > 1 MiB,PR_INPUT,SPECIFIED — noch kein Integrationstest,"[""A-INPUT"", ""A-FETCH""]",MAPPED; keine zusätzliche Widerspruchsfeststellung bei Contract-Level-Prüfung,Layerisoliert gemäß §13; Fullfunnel darf früh sicher rejecten,NOT_EXECUTED
AV-006,Bootstrap / Prozess,JSON mit doppeltem repository.id,PR_INPUT,SPECIFIED — noch kein Integrationstest,"[""A-INPUT"", ""A-FETCH""]",MAPPED; keine zusätzliche Widerspruchsfeststellung bei Contract-Level-Prüfung,Layerisoliert gemäß §13; Fullfunnel darf früh sicher rejecten,NOT_EXECUTED
AV-007,Bootstrap / Prozess,Event ist push statt pull_request_target,PR_INPUT,SPECIFIED — noch kein Integrationstest,"[""A-INPUT"", ""A-FETCH""]",MAPPED; keine zusätzliche Widerspruchsfeststellung bei Contract-Level-Prüfung,Layerisoliert gemäß §13; Fullfunnel darf früh sicher rejecten,NOT_EXECUTED
AV-008,Bootstrap / Prozess,Event-Aktion edited,PR_INPUT,SPECIFIED — noch kein Integrationstest,"[""A-INPUT"", ""A-FETCH""]",MAPPED; keine zusätzliche Widerspruchsfeststellung bei Contract-Level-Prüfung,Layerisoliert gemäß §13; Fullfunnel darf früh sicher rejecten,NOT_EXECUTED
AV-009,Bootstrap / Prozess,Remote-URL aus PR wird angeboten,GIT_FETCH,SPECIFIED — noch kein Integrationstest,"[""A-INPUT"", ""A-FETCH""]",CLARIFY: offered URL als Testeingang vs ignoriertes Zusatzfeld; feste Remote soll nie ersetzt werden.,Layerisoliert gemäß §13; Fullfunnel darf früh sicher rejecten,NOT_EXECUTED
AV-010,Bootstrap / Prozess,HTTP-Redirect vom festen Git-Remote,GIT_FETCH,SPECIFIED — noch kein Integrationstest,"[""A-INPUT"", ""A-FETCH""]",MAPPED; keine zusätzliche Widerspruchsfeststellung bei Contract-Level-Prüfung,Layerisoliert gemäß §13; Fullfunnel darf früh sicher rejecten,NOT_EXECUTED
AV-011,Bootstrap / Prozess,Fetch liefert anderen Head als Live-PR,PR_STALE,SPECIFIED — noch kein Integrationstest,"[""A-INPUT"", ""A-FETCH""]",MAPPED; keine zusätzliche Widerspruchsfeststellung bei Contract-Level-Prüfung,Layerisoliert gemäß §13; Fullfunnel darf früh sicher rejecten,NOT_EXECUTED
AV-012,Bootstrap / Prozess,main bewegt sich zwischen GET und Fetch,PR_STALE,SPECIFIED — noch kein Integrationstest,"[""A-INPUT"", ""A-FETCH""]",MAPPED; keine zusätzliche Widerspruchsfeststellung bei Contract-Level-Prüfung,Layerisoliert gemäß §13; Fullfunnel darf früh sicher rejecten,NOT_EXECUTED
AV-013,Bootstrap / Prozess,Git-Fetch hängt > 90 Sekunden,EXECUTION_TIMEOUT,SPECIFIED — noch kein Integrationstest,"[""A-LIMIT""]",MAPPED; keine zusätzliche Widerspruchsfeststellung bei Contract-Level-Prüfung,Layerisoliert gemäß §13; Fullfunnel darf früh sicher rejecten,NOT_EXECUTED
AV-014,Bootstrap / Prozess,ODB überschreitet 512 MiB,GIT_LIMIT,SPECIFIED — noch kein Integrationstest,"[""A-LIMIT""]",MAPPED; keine zusätzliche Widerspruchsfeststellung bei Contract-Level-Prüfung,Layerisoliert gemäß §13; Fullfunnel darf früh sicher rejecten,NOT_EXECUTED
AV-015,Bootstrap / Prozess,Objektzahl 150001,GIT_LIMIT,SPECIFIED — noch kein Integrationstest,"[""A-LIMIT""]",MAPPED; keine zusätzliche Widerspruchsfeststellung bei Contract-Level-Prüfung,Layerisoliert gemäß §13; Fullfunnel darf früh sicher rejecten,NOT_EXECUTED
AV-016,Bootstrap / Prozess,Ein Blob hat 8 MiB + 1 Byte,GIT_LIMIT,SPECIFIED — noch kein Integrationstest,"[""A-LIMIT""]",MAPPED; keine zusätzliche Widerspruchsfeststellung bei Contract-Level-Prüfung,Layerisoliert gemäß §13; Fullfunnel darf früh sicher rejecten,NOT_EXECUTED
AV-017,Bootstrap / Prozess,Summe deklarierter entpackter Objektgrößen > 512 MiB,GIT_LIMIT,SPECIFIED — noch kein Integrationstest,"[""A-LIMIT""]",MAPPED; keine zusätzliche Widerspruchsfeststellung bei Contract-Level-Prüfung,Layerisoliert gemäß §13; Fullfunnel darf früh sicher rejecten,NOT_EXECUTED
AV-018,Bootstrap / Prozess,GIT_CONFIG_COUNT mit Credential-Helfer im Elternprozess,PASS,SPECIFIED — noch kein Integrationstest,"[""A-ENV""]",MAPPED; keine zusätzliche Widerspruchsfeststellung bei Contract-Level-Prüfung,Layerisoliert gemäß §13; Fullfunnel darf früh sicher rejecten,NOT_EXECUTED
AV-019,Bootstrap / Prozess,NODE_OPTIONS mit require-Angriff im Elternprozess,PASS,SPECIFIED — noch kein Integrationstest,"[""A-ENV""]",MAPPED; keine zusätzliche Widerspruchsfeststellung bei Contract-Level-Prüfung,Layerisoliert gemäß §13; Fullfunnel darf früh sicher rejecten,NOT_EXECUTED
AV-020,Bootstrap / Prozess,npm_config_userconfig verweist auf Angreiferdatei,PASS,SPECIFIED — noch kein Integrationstest,"[""A-ENV""]",MAPPED; keine zusätzliche Widerspruchsfeststellung bei Contract-Level-Prüfung,Layerisoliert gemäß §13; Fullfunnel darf früh sicher rejecten,NOT_EXECUTED
AV-021,Bootstrap / Prozess,HTTPS_PROXY/SSH_ASKPASS im Elternprozess,PASS,SPECIFIED — noch kein Integrationstest,"[""A-ENV""]",MAPPED; keine zusätzliche Widerspruchsfeststellung bei Contract-Level-Prüfung,Layerisoliert gemäß §13; Fullfunnel darf früh sicher rejecten,NOT_EXECUTED
AV-022,Bootstrap / Prozess,Versteckter Git-Config-Include nach Fetch,GIT_LAYOUT,SPECIFIED — noch kein Integrationstest,"[""A-LAYOUT""]",MAPPED; keine zusätzliche Widerspruchsfeststellung bei Contract-Level-Prüfung,Layerisoliert gemäß §13; Fullfunnel darf früh sicher rejecten,NOT_EXECUTED
AV-023,Bootstrap / Prozess,Hookdatei im neuen ODB,GIT_LAYOUT,SPECIFIED — noch kein Integrationstest,"[""A-LAYOUT""]",MAPPED; keine zusätzliche Widerspruchsfeststellung bei Contract-Level-Prüfung,Layerisoliert gemäß §13; Fullfunnel darf früh sicher rejecten,NOT_EXECUTED
AV-024,Bootstrap / Prozess,Promisor-/Partial-Clone-Markierung,GIT_LAYOUT,SPECIFIED — noch kein Integrationstest,"[""A-LAYOUT""]",MAPPED; keine zusätzliche Widerspruchsfeststellung bei Contract-Level-Prüfung,Layerisoliert gemäß §13; Fullfunnel darf früh sicher rejecten,NOT_EXECUTED
AV-025,Echte Git-/Dateisystem-Probe,"Replace-Ref verändert ungeschützten Objektread; Schutz liest Original, Layout lehnt Ref ab",GIT_LAYOUT,EXPERIMENTALLY VERIFIED — git-lab; künftiger Code muss dieselbe Entscheidung umsetzen,"[""A-LAYOUT""]",MAPPED; keine zusätzliche Widerspruchsfeststellung bei Contract-Level-Prüfung,Layerisoliert gemäß §13; Fullfunnel darf früh sicher rejecten,NOT_EXECUTED
AV-026,Echte Git-/Dateisystem-Probe,objects/info/alternates trotz leerer Umgebung,GIT_LAYOUT,EXPERIMENTALLY VERIFIED — git-lab; künftiger Code muss dieselbe Entscheidung umsetzen,"[""A-LAYOUT""]",MAPPED; keine zusätzliche Widerspruchsfeststellung bei Contract-Level-Prüfung,Layerisoliert gemäß §13; Fullfunnel darf früh sicher rejecten,NOT_EXECUTED
AV-027,Echte Git-/Dateisystem-Probe,info/grafts im Repository,GIT_LAYOUT,EXPERIMENTALLY VERIFIED — git-lab; künftiger Code muss dieselbe Entscheidung umsetzen,"[""A-LAYOUT""]",MAPPED; keine zusätzliche Widerspruchsfeststellung bei Contract-Level-Prüfung,Layerisoliert gemäß §13; Fullfunnel darf früh sicher rejecten,NOT_EXECUTED
AV-028,Echte Git-/Dateisystem-Probe,shallow-Datei im Repository,GIT_LAYOUT,EXPERIMENTALLY VERIFIED — git-lab; künftiger Code muss dieselbe Entscheidung umsetzen,"[""A-LAYOUT""]",MAPPED; keine zusätzliche Widerspruchsfeststellung bei Contract-Level-Prüfung,Layerisoliert gemäß §13; Fullfunnel darf früh sicher rejecten,NOT_EXECUTED
AV-029,Echte Git-/Dateisystem-Probe,HEAD-Commit mit zwei echten parent-Headern,GIT_HISTORY,EXPERIMENTALLY VERIFIED — git-lab; künftiger Code muss dieselbe Entscheidung umsetzen,"[""A-HISTORY""]",MAPPED; keine zusätzliche Widerspruchsfeststellung bei Contract-Level-Prüfung,Layerisoliert gemäß §13; Fullfunnel darf früh sicher rejecten,NOT_EXECUTED
AV-030,Echte Git-/Dateisystem-Probe,Doppelter Rohname in demselben Tree,GIT_COLLISION,EXPERIMENTALLY VERIFIED — git-lab; künftiger Code muss dieselbe Entscheidung umsetzen,"[""A-RAW"", ""A-PATH""]",LAYER: Git fsck/fetch kann früher GIT_FETCH/GIT_OBJECT liefern; raw parser muss Duplicateflag sehen.,Layerisoliert gemäß §13; Fullfunnel darf früh sicher rejecten,NOT_EXECUTED
AV-031,Echte Git-/Dateisystem-Probe,A.ts und a.ts im selben Snapshot,GIT_COLLISION,EXPERIMENTALLY VERIFIED — git-lab; künftiger Code muss dieselbe Entscheidung umsetzen,"[""A-RAW"", ""A-PATH""]",MAPPED; keine zusätzliche Widerspruchsfeststellung bei Contract-Level-Prüfung,Layerisoliert gemäß §13; Fullfunnel darf früh sicher rejecten,NOT_EXECUTED
AV-032,Echte Git-/Dateisystem-Probe,Dir/a und dir/b als verschiedene Directory-Schreibweisen,GIT_COLLISION,EXPERIMENTALLY VERIFIED — git-lab; künftiger Code muss dieselbe Entscheidung umsetzen,"[""A-RAW"", ""A-PATH""]",MAPPED; keine zusätzliche Widerspruchsfeststellung bei Contract-Level-Prüfung,Layerisoliert gemäß §13; Fullfunnel darf früh sicher rejecten,NOT_EXECUTED
AV-033,Echte Git-/Dateisystem-Probe,a als Datei und a/b als Pfad,GIT_COLLISION,EXPERIMENTALLY VERIFIED — git-lab; künftiger Code muss dieselbe Entscheidung umsetzen,"[""A-RAW"", ""A-PATH""]",MAPPED; keine zusätzliche Widerspruchsfeststellung bei Contract-Level-Prüfung,Layerisoliert gemäß §13; Fullfunnel darf früh sicher rejecten,NOT_EXECUTED
AV-034,Echte Git-/Dateisystem-Probe,A als Datei und a/b als Pfad,GIT_COLLISION,EXPERIMENTALLY VERIFIED — git-lab; künftiger Code muss dieselbe Entscheidung umsetzen,"[""A-RAW"", ""A-PATH""]",MAPPED; keine zusätzliche Widerspruchsfeststellung bei Contract-Level-Prüfung,Layerisoliert gemäß §13; Fullfunnel darf früh sicher rejecten,NOT_EXECUTED
AV-035,Echte Git-/Dateisystem-Probe,x/a und x/b ohne Kollision,PASS,EXPERIMENTALLY VERIFIED — git-lab; künftiger Code muss dieselbe Entscheidung umsetzen,"[""A-RAW"", ""A-PATH""]",MAPPED; keine zusätzliche Widerspruchsfeststellung bei Contract-Level-Prüfung,Layerisoliert gemäß §13; Fullfunnel darf früh sicher rejecten,NOT_EXECUTED
AV-036,Echte Git-/Dateisystem-Probe,Parent-Directory wird durch Symlink ersetzt,EXECUTION_IO,EXPERIMENTALLY VERIFIED — git-lab; künftiger Code muss dieselbe Entscheidung umsetzen,"[""A-FS""]",MAPPED; keine zusätzliche Widerspruchsfeststellung bei Contract-Level-Prüfung,Layerisoliert gemäß §13; Fullfunnel darf früh sicher rejecten,NOT_EXECUTED
AV-037,Echte Git-/Dateisystem-Probe,Zieldatei existiert bereits,EXECUTION_IO,EXPERIMENTALLY VERIFIED — git-lab; künftiger Code muss dieselbe Entscheidung umsetzen,"[""A-FS""]",MAPPED; keine zusätzliche Widerspruchsfeststellung bei Contract-Level-Prüfung,Layerisoliert gemäß §13; Fullfunnel darf früh sicher rejecten,NOT_EXECUTED
AV-038,Echte Git-/Dateisystem-Probe,Binärblob mit NUL wird bytegenau geschrieben,PASS,EXPERIMENTALLY VERIFIED — git-lab; künftiger Code muss dieselbe Entscheidung umsetzen,"[""A-FS""]",MAPPED; keine zusätzliche Widerspruchsfeststellung bei Contract-Level-Prüfung,Layerisoliert gemäß §13; Fullfunnel darf früh sicher rejecten,NOT_EXECUTED
AV-039,Pfad und Modes,Ungültiges UTF-8 im Namen,GIT_PATH,SPECIFIED — noch kein Integrationstest,"[""A-PATH""]",MAPPED; keine zusätzliche Widerspruchsfeststellung bei Contract-Level-Prüfung,Layerisoliert gemäß §13; Fullfunnel darf früh sicher rejecten,NOT_EXECUTED
AV-040,Pfad und Modes,Newline im Dateinamen,GIT_PATH,SPECIFIED — noch kein Integrationstest,"[""A-PATH""]",MAPPED; keine zusätzliche Widerspruchsfeststellung bei Contract-Level-Prüfung,Layerisoliert gemäß §13; Fullfunnel darf früh sicher rejecten,NOT_EXECUTED
AV-041,Pfad und Modes,Tab oder DEL im Dateinamen,GIT_PATH,SPECIFIED — noch kein Integrationstest,"[""A-PATH""]",MAPPED; keine zusätzliche Widerspruchsfeststellung bei Contract-Level-Prüfung,Layerisoliert gemäß §13; Fullfunnel darf früh sicher rejecten,NOT_EXECUTED
AV-042,Pfad und Modes,Absoluter Pfad,GIT_PATH,SPECIFIED — noch kein Integrationstest,"[""A-PATH""]",MAPPED; keine zusätzliche Widerspruchsfeststellung bei Contract-Level-Prüfung,Layerisoliert gemäß §13; Fullfunnel darf früh sicher rejecten,NOT_EXECUTED
AV-043,Pfad und Modes,Leeres Segment a//b,GIT_PATH,SPECIFIED — noch kein Integrationstest,"[""A-PATH""]",MAPPED; keine zusätzliche Widerspruchsfeststellung bei Contract-Level-Prüfung,Layerisoliert gemäß §13; Fullfunnel darf früh sicher rejecten,NOT_EXECUTED
AV-044,Pfad und Modes,Traversal a/../b,GIT_PATH,SPECIFIED — noch kein Integrationstest,"[""A-PATH""]",MAPPED; keine zusätzliche Widerspruchsfeststellung bei Contract-Level-Prüfung,Layerisoliert gemäß §13; Fullfunnel darf früh sicher rejecten,NOT_EXECUTED
AV-045,Pfad und Modes,.git/config,GIT_PATH,SPECIFIED — noch kein Integrationstest,"[""A-PATH""]",MAPPED; keine zusätzliche Widerspruchsfeststellung bei Contract-Level-Prüfung,Layerisoliert gemäß §13; Fullfunnel darf früh sicher rejecten,NOT_EXECUTED
AV-046,Pfad und Modes,.GiT/config,GIT_PATH,SPECIFIED — noch kein Integrationstest,"[""A-PATH""]",MAPPED; keine zusätzliche Widerspruchsfeststellung bei Contract-Level-Prüfung,Layerisoliert gemäß §13; Fullfunnel darf früh sicher rejecten,NOT_EXECUTED
AV-047,Pfad und Modes,git~1/config,GIT_PATH,SPECIFIED — noch kein Integrationstest,"[""A-PATH""]",MAPPED; keine zusätzliche Widerspruchsfeststellung bei Contract-Level-Prüfung,Layerisoliert gemäß §13; Fullfunnel darf früh sicher rejecten,NOT_EXECUTED
AV-048,Pfad und Modes,CON.ts,GIT_PATH,SPECIFIED — noch kein Integrationstest,"[""A-PATH""]",MAPPED; keine zusätzliche Widerspruchsfeststellung bei Contract-Level-Prüfung,Layerisoliert gemäß §13; Fullfunnel darf früh sicher rejecten,NOT_EXECUTED
AV-049,Pfad und Modes,LPT9.log,GIT_PATH,SPECIFIED — noch kein Integrationstest,"[""A-PATH""]",MAPPED; keine zusätzliche Widerspruchsfeststellung bei Contract-Level-Prüfung,Layerisoliert gemäß §13; Fullfunnel darf früh sicher rejecten,NOT_EXECUTED
AV-050,Pfad und Modes,Trailing-Dot x.,GIT_PATH,SPECIFIED — noch kein Integrationstest,"[""A-PATH""]",MAPPED; keine zusätzliche Widerspruchsfeststellung bei Contract-Level-Prüfung,Layerisoliert gemäß §13; Fullfunnel darf früh sicher rejecten,NOT_EXECUTED
AV-051,Pfad und Modes,Backslash a\b,GIT_PATH,SPECIFIED — noch kein Integrationstest,"[""A-PATH""]",MAPPED; keine zusätzliche Widerspruchsfeststellung bei Contract-Level-Prüfung,Layerisoliert gemäß §13; Fullfunnel darf früh sicher rejecten,NOT_EXECUTED
AV-052,Pfad und Modes,Colon/ADS a:b,GIT_PATH,SPECIFIED — noch kein Integrationstest,"[""A-PATH""]",MAPPED; keine zusätzliche Widerspruchsfeststellung bei Contract-Level-Prüfung,Layerisoliert gemäß §13; Fullfunnel darf früh sicher rejecten,NOT_EXECUTED
AV-053,Pfad und Modes,Leading-Dash-Segment -option,GIT_PATH,SPECIFIED — noch kein Integrationstest,"[""A-PATH""]",MAPPED; keine zusätzliche Widerspruchsfeststellung bei Contract-Level-Prüfung,Layerisoliert gemäß §13; Fullfunnel darf früh sicher rejecten,NOT_EXECUTED
AV-054,Pfad und Modes,NFC é.ts,GIT_PATH,SPECIFIED — noch kein Integrationstest,"[""A-PATH""]",MAPPED; keine zusätzliche Widerspruchsfeststellung bei Contract-Level-Prüfung,Layerisoliert gemäß §13; Fullfunnel darf früh sicher rejecten,NOT_EXECUTED
AV-055,Pfad und Modes,NFD e + combining accent .ts,GIT_PATH,SPECIFIED — noch kein Integrationstest,"[""A-PATH""]",MAPPED; keine zusätzliche Widerspruchsfeststellung bei Contract-Level-Prüfung,Layerisoliert gemäß §13; Fullfunnel darf früh sicher rejecten,NOT_EXECUTED
AV-056,Pfad und Modes,NFC und NFD nebeneinander werden vor Normalisierung abgelehnt,GIT_PATH,SPECIFIED — noch kein Integrationstest,"[""A-PATH""]",MAPPED; keine zusätzliche Widerspruchsfeststellung bei Contract-Level-Prüfung,Layerisoliert gemäß §13; Fullfunnel darf früh sicher rejecten,NOT_EXECUTED
AV-057,Pfad und Modes,Pfadtiefe 17,GIT_PATH,SPECIFIED — noch kein Integrationstest,"[""A-PATH""]",MAPPED; keine zusätzliche Widerspruchsfeststellung bei Contract-Level-Prüfung,Layerisoliert gemäß §13; Fullfunnel darf früh sicher rejecten,NOT_EXECUTED
AV-058,Pfad und Modes,Segmentlänge 101 Byte,GIT_PATH,SPECIFIED — noch kein Integrationstest,"[""A-PATH""]",MAPPED; keine zusätzliche Widerspruchsfeststellung bei Contract-Level-Prüfung,Layerisoliert gemäß §13; Fullfunnel darf früh sicher rejecten,NOT_EXECUTED
AV-059,Pfad und Modes,Normale Datei 100644 unverändert,PASS,SPECIFIED — noch kein Integrationstest,"[""A-MODE"", ""A-DIFF""]",MAPPED; keine zusätzliche Widerspruchsfeststellung bei Contract-Level-Prüfung,Layerisoliert gemäß §13; Fullfunnel darf früh sicher rejecten,NOT_EXECUTED
AV-060,Pfad und Modes,Bestehende BASE-Datei 100755 unverändert,PASS,SPECIFIED — noch kein Integrationstest,"[""A-MODE"", ""A-DIFF""]",MAPPED; keine zusätzliche Widerspruchsfeststellung bei Contract-Level-Prüfung,Layerisoliert gemäß §13; Fullfunnel darf früh sicher rejecten,NOT_EXECUTED
AV-061,Pfad und Modes,Neu hinzugefügte Datei 100755,SCOPE_MODE,SPECIFIED — noch kein Integrationstest,"[""A-MODE"", ""A-DIFF""]",MAPPED; keine zusätzliche Widerspruchsfeststellung bei Contract-Level-Prüfung,Layerisoliert gemäß §13; Fullfunnel darf früh sicher rejecten,NOT_EXECUTED
AV-062,Pfad und Modes,Mode 120000 Symlink,SCOPE_MODE,SPECIFIED — noch kein Integrationstest,"[""A-MODE"", ""A-DIFF""]",MAPPED; keine zusätzliche Widerspruchsfeststellung bei Contract-Level-Prüfung,Layerisoliert gemäß §13; Fullfunnel darf früh sicher rejecten,NOT_EXECUTED
AV-063,Pfad und Modes,Mode 160000 Gitlink,SCOPE_MODE,SPECIFIED — noch kein Integrationstest,"[""A-MODE"", ""A-DIFF""]",MAPPED; keine zusätzliche Widerspruchsfeststellung bei Contract-Level-Prüfung,Layerisoliert gemäß §13; Fullfunnel darf früh sicher rejecten,NOT_EXECUTED
AV-064,Pfad und Modes,Unbekannter Mode 100600,SCOPE_MODE,SPECIFIED — noch kein Integrationstest,"[""A-MODE"", ""A-DIFF""]",LAYER: raw unknown-octal mode vs Git-Vorfilter sauber trennen.,Layerisoliert gemäß §13; Fullfunnel darf früh sicher rejecten,NOT_EXECUTED
AV-065,Pfad und Modes,100644 nach 100755 bei gleichem Blob,SCOPE_MODE,SPECIFIED — noch kein Integrationstest,"[""A-MODE"", ""A-DIFF""]",MAPPED; keine zusätzliche Widerspruchsfeststellung bei Contract-Level-Prüfung,Layerisoliert gemäß §13; Fullfunnel darf früh sicher rejecten,NOT_EXECUTED
AV-066,Pfad und Modes,Content und Mode zugleich verändert,SCOPE_MODE,SPECIFIED — noch kein Integrationstest,"[""A-MODE"", ""A-DIFF""]",MAPPED; keine zusätzliche Widerspruchsfeststellung bei Contract-Level-Prüfung,Layerisoliert gemäß §13; Fullfunnel darf früh sicher rejecten,NOT_EXECUTED
AV-067,History / Scope,Linearer HEAD ist ein Commit nach aktuellem BASE,PASS,SPECIFIED — noch kein Integrationstest,"[""A-HISTORY"", ""A-LIMIT""]",MAPPED; keine zusätzliche Widerspruchsfeststellung bei Contract-Level-Prüfung,Layerisoliert gemäß §13; Fullfunnel darf früh sicher rejecten,NOT_EXECUTED
AV-068,History / Scope,"Trusted BASE hat zwei Parents, HEAD genau einen",PASS,SPECIFIED — noch kein Integrationstest,"[""A-HISTORY"", ""A-LIMIT""]",MAPPED; keine zusätzliche Widerspruchsfeststellung bei Contract-Level-Prüfung,Layerisoliert gemäß §13; Fullfunnel darf früh sicher rejecten,NOT_EXECUTED
AV-069,History / Scope,HEAD hat keinen BASE-Vorfahren,GIT_HISTORY,SPECIFIED — noch kein Integrationstest,"[""A-HISTORY"", ""A-LIMIT""]",MAPPED; keine zusätzliche Widerspruchsfeststellung bei Contract-Level-Prüfung,Layerisoliert gemäß §13; Fullfunnel darf früh sicher rejecten,NOT_EXECUTED
AV-070,History / Scope,HEAD ist identisch BASE,GIT_HISTORY,SPECIFIED — noch kein Integrationstest,"[""A-HISTORY"", ""A-LIMIT""]",MAPPED; keine zusätzliche Widerspruchsfeststellung bei Contract-Level-Prüfung,Layerisoliert gemäß §13; Fullfunnel darf früh sicher rejecten,NOT_EXECUTED
AV-071,History / Scope,129 neue lineare Commits,GIT_LIMIT,SPECIFIED — noch kein Integrationstest,"[""A-HISTORY"", ""A-LIMIT""]",CLARIFY: GIT_LIMIT vs §11 GIT_HISTORY bei History-Budget; Tabelle und prose nicht gleich.,Layerisoliert gemäß §13; Fullfunnel darf früh sicher rejecten,NOT_EXECUTED
AV-072,History / Scope,HEAD hat Parent auf nicht vorhandenes Objekt,GIT_OBJECT,SPECIFIED — noch kein Integrationstest,"[""A-HISTORY"", ""A-LIMIT""]",MAPPED; keine zusätzliche Widerspruchsfeststellung bei Contract-Level-Prüfung,Layerisoliert gemäß §13; Fullfunnel darf früh sicher rejecten,NOT_EXECUTED
AV-073,History / Scope,Commit mit zwei tree-Headern,GIT_OBJECT,SPECIFIED — noch kein Integrationstest,"[""A-RAW""]",MAPPED; keine zusätzliche Widerspruchsfeststellung bei Contract-Level-Prüfung,Layerisoliert gemäß §13; Fullfunnel darf früh sicher rejecten,NOT_EXECUTED
AV-074,History / Scope,"Temporärer Workflow-Edit im Zwischencommit, später revertiert",SCOPE_PROTECTED,SPECIFIED — noch kein Integrationstest,"[""B-SCOPE"", ""A-HISTORY""]",LAYER: Scope/Protected-Precedence mit ausdrücklich genehmigtem Testscope definieren.,Layerisoliert gemäß §13; Fullfunnel darf früh sicher rejecten,NOT_EXECUTED
AV-075,History / Scope,Erlaubter MODIFY-Pfad existiert in BASE nicht,SCOPE_PATH,SPECIFIED — noch kein Integrationstest,"[""B-SCOPE"", ""A-HISTORY""]",MAPPED; keine zusätzliche Widerspruchsfeststellung bei Contract-Level-Prüfung,Layerisoliert gemäß §13; Fullfunnel darf früh sicher rejecten,NOT_EXECUTED
AV-076,History / Scope,Erlaubter ADD-Pfad existiert schon in BASE,SCOPE_PATH,SPECIFIED — noch kein Integrationstest,"[""B-SCOPE"", ""A-HISTORY""]",MAPPED; keine zusätzliche Widerspruchsfeststellung bei Contract-Level-Prüfung,Layerisoliert gemäß §13; Fullfunnel darf früh sicher rejecten,NOT_EXECUTED
AV-077,History / Scope,Umbenennung erlaubter Datei nach anderem Namen,SCOPE_PATH,SPECIFIED — noch kein Integrationstest,"[""B-SCOPE"", ""A-HISTORY""]",MAPPED; keine zusätzliche Widerspruchsfeststellung bei Contract-Level-Prüfung,Layerisoliert gemäß §13; Fullfunnel darf früh sicher rejecten,NOT_EXECUTED
AV-078,History / Scope,Extra-Datei außerhalb exaktem Scope,SCOPE_PATH,SPECIFIED — noch kein Integrationstest,"[""B-SCOPE"", ""A-HISTORY""]",MAPPED; keine zusätzliche Widerspruchsfeststellung bei Contract-Level-Prüfung,Layerisoliert gemäß §13; Fullfunnel darf früh sicher rejecten,NOT_EXECUTED
AV-079,History / Scope,Scope src/a.ts wird als Prefix für src/a.ts/escape missbraucht,SCOPE_PATH,SPECIFIED — noch kein Integrationstest,"[""B-SCOPE"", ""A-HISTORY""]",MUTANT MASK: file→directory erzeugt DELETE; für B1 andere gültige Prefixdatei verwenden.,Layerisoliert gemäß §13; Fullfunnel darf früh sicher rejecten,NOT_EXECUTED
AV-080,History / Scope,Änderung forge/coordination/CODEX.md ohne Scope,SCOPE_PATH,SPECIFIED — noch kein Integrationstest,"[""B-SCOPE"", ""A-HISTORY""]",LAYER: Coordination ist auch außerhalb DEV-Klassen; exakter Testeingang erforderlich.,Layerisoliert gemäß §13; Fullfunnel darf früh sicher rejecten,NOT_EXECUTED
AV-081,History / Scope,Änderung aktiven Contracts in HEAD,SCOPE_PROTECTED,SPECIFIED — noch kein Integrationstest,"[""B-SCOPE"", ""B-FREEZE""]",LAYER: eigener Contract kann parserseitig nicht in Scope; geschützten Pfadtest isolieren.,Layerisoliert gemäß §13; Fullfunnel darf früh sicher rejecten,NOT_EXECUTED
AV-082,History / Scope,Änderung package.json script,SCOPE_PROTECTED,SPECIFIED — noch kein Integrationstest,"[""B-SCOPE"", ""B-FREEZE""]",MAPPED; keine zusätzliche Widerspruchsfeststellung bei Contract-Level-Prüfung,Layerisoliert gemäß §13; Fullfunnel darf früh sicher rejecten,NOT_EXECUTED
AV-083,History / Scope,Änderung package-lock.json,SCOPE_PROTECTED,SPECIFIED — noch kein Integrationstest,"[""B-SCOPE"", ""B-FREEZE""]",MAPPED; keine zusätzliche Widerspruchsfeststellung bei Contract-Level-Prüfung,Layerisoliert gemäß §13; Fullfunnel darf früh sicher rejecten,NOT_EXECUTED
AV-084,History / Scope,Vitest-Config in HEAD hinzugefügt,SCOPE_PROTECTED,SPECIFIED — noch kein Integrationstest,"[""B-SCOPE"", ""B-FREEZE""]",MAPPED; keine zusätzliche Widerspruchsfeststellung bei Contract-Level-Prüfung,Layerisoliert gemäß §13; Fullfunnel darf früh sicher rejecten,NOT_EXECUTED
AV-085,History / Scope,Tsconfig include geschrumpft,SCOPE_PROTECTED,SPECIFIED — noch kein Integrationstest,"[""B-SCOPE"", ""B-FREEZE""]",MAPPED; keine zusätzliche Widerspruchsfeststellung bei Contract-Level-Prüfung,Layerisoliert gemäß §13; Fullfunnel darf früh sicher rejecten,NOT_EXECUTED
AV-086,History / Scope,Änderung bestehender Tests/Fixtures,SCOPE_PROTECTED,SPECIFIED — noch kein Integrationstest,"[""B-SCOPE"", ""B-FREEZE""]",MAPPED; keine zusätzliche Widerspruchsfeststellung bei Contract-Level-Prüfung,Layerisoliert gemäß §13; Fullfunnel darf früh sicher rejecten,NOT_EXECUTED
AV-087,History / Scope,Testdatei gelöscht,SCOPE_PATH,SPECIFIED — noch kein Integrationstest,"[""B-SCOPE"", ""B-FREEZE""]",MAPPED; keine zusätzliche Widerspruchsfeststellung bei Contract-Level-Prüfung,Layerisoliert gemäß §13; Fullfunnel darf früh sicher rejecten,NOT_EXECUTED
AV-088,History / Scope,Testdatei umbenannt,SCOPE_PATH,SPECIFIED — noch kein Integrationstest,"[""B-SCOPE"", ""B-FREEZE""]",MAPPED; keine zusätzliche Widerspruchsfeststellung bei Contract-Level-Prüfung,Layerisoliert gemäß §13; Fullfunnel darf früh sicher rejecten,NOT_EXECUTED
AV-089,History / Scope,Genehmigte neue Testdatei mit korrektem Scope,PASS,SPECIFIED — noch kein Integrationstest,"[""B-SCOPE"", ""B-FREEZE""]",MAPPED; keine zusätzliche Widerspruchsfeststellung bei Contract-Level-Prüfung,Layerisoliert gemäß §13; Fullfunnel darf früh sicher rejecten,NOT_EXECUTED
AV-090,History / Scope,DEV verändert Verifier oder Workflow,SCOPE_PROTECTED,SPECIFIED — noch kein Integrationstest,"[""B-SCOPE"", ""B-FREEZE""]",MAPPED; keine zusätzliche Widerspruchsfeststellung bei Contract-Level-Prüfung,Layerisoliert gemäß §13; Fullfunnel darf früh sicher rejecten,NOT_EXECUTED
AV-091,History / Scope,OWNER_OPS mit explizitem Plan verändert exakt genehmigte TCB-Datei,PASS,SPECIFIED — noch kein Integrationstest,"[""B-SCOPE"", ""B-FREEZE""]",MAPPED; keine zusätzliche Widerspruchsfeststellung bei Contract-Level-Prüfung,Layerisoliert gemäß §13; Fullfunnel darf früh sicher rejecten,NOT_EXECUTED
AV-092,History / Scope,OWNER_OPS versucht bestehende Tests oder Lockfile zu ändern,SCOPE_PROTECTED,SPECIFIED — noch kein Integrationstest,"[""B-SCOPE"", ""B-FREEZE""]",MAPPED; keine zusätzliche Widerspruchsfeststellung bei Contract-Level-Prüfung,Layerisoliert gemäß §13; Fullfunnel darf früh sicher rejecten,NOT_EXECUTED
AV-093,History / Scope,Falsche numerische Autor-ID bei gleichem Login,IDENTITY_ACTOR,SPECIFIED — noch kein Integrationstest,"[""A-INPUT"", ""B-CONTRACT""]",MAPPED; keine zusätzliche Widerspruchsfeststellung bei Contract-Level-Prüfung,Layerisoliert gemäß §13; Fullfunnel darf früh sicher rejecten,NOT_EXECUTED
AV-094,History / Scope,Fork mit identischem Branch-Namen,IDENTITY_ACTOR,SPECIFIED — noch kein Integrationstest,"[""A-INPUT"", ""B-CONTRACT""]",MAPPED; keine zusätzliche Widerspruchsfeststellung bei Contract-Level-Prüfung,Layerisoliert gemäß §13; Fullfunnel darf früh sicher rejecten,NOT_EXECUTED
AV-095,History / Scope,Falscher Codex-Namespace,IDENTITY_NAMESPACE,SPECIFIED — noch kein Integrationstest,"[""A-INPUT"", ""B-CONTRACT""]",MAPPED; keine zusätzliche Widerspruchsfeststellung bei Contract-Level-Prüfung,Layerisoliert gemäß §13; Fullfunnel darf früh sicher rejecten,NOT_EXECUTED
AV-096,History / Scope,Task im Branch ungleich Contract-Task,CONTRACT_BINDING,SPECIFIED — noch kein Integrationstest,"[""A-INPUT"", ""B-CONTRACT""]",CLARIFY: Namespace-Mismatch vs CONTRACT_BINDING; TASK wird laut Regex aus registriertem Task gebunden.,Layerisoliert gemäß §13; Fullfunnel darf früh sicher rejecten,NOT_EXECUTED
AV-097,History / Scope,Contract nicht canonical JSON,CONTRACT_PARSE,SPECIFIED — noch kein Integrationstest,"[""B-CONTRACT""]",MAPPED; keine zusätzliche Widerspruchsfeststellung bei Contract-Level-Prüfung,Layerisoliert gemäß §13; Fullfunnel darf früh sicher rejecten,NOT_EXECUTED
AV-098,History / Scope,Unaufgelöste dependency acceptedCommit null,CONTRACT_DEPENDENCY,SPECIFIED — noch kein Integrationstest,"[""B-DEPENDENCY""]","COVERED null-blocking, beweist kein Taskacceptance-Lifecycle.",Layerisoliert gemäß §13; Fullfunnel darf früh sicher rejecten,NOT_EXECUTED
AV-099,History / Scope,Dependency-Commit kein Vorfahre von BASE,CONTRACT_DEPENDENCY,SPECIFIED — noch kein Integrationstest,"[""B-DEPENDENCY""]","COVERED Ancestry, beweist allein keine taskId→acceptedCommit-Zuordnung.",Layerisoliert gemäß §13; Fullfunnel darf früh sicher rejecten,NOT_EXECUTED
AV-100,History / Scope,Doppelter requiredCheck-Name,CONTRACT_PARSE,SPECIFIED — noch kein Integrationstest,"[""B-CONTRACT""]",MAPPED; keine zusätzliche Widerspruchsfeststellung bei Contract-Level-Prüfung,Layerisoliert gemäß §13; Fullfunnel darf früh sicher rejecten,NOT_EXECUTED
AV-101,History / Scope,Nicht registrierter Shell-Befehl im Contract,POLICY_INVALID,SPECIFIED — noch kein Integrationstest,"[""B-REGISTRY""]",MAPPED; keine zusätzliche Widerspruchsfeststellung bei Contract-Level-Prüfung,Layerisoliert gemäß §13; Fullfunnel darf früh sicher rejecten,NOT_EXECUTED
AV-102,Echtes Testinventar,Aktueller main: 1087 Tests in 22 Dateien bestehen,PASS,EXPERIMENTALLY VERIFIED — runtime-lab; isolierte Inventory-Proben umgehen absichtlich früheren Freeze,"[""B-INVENTORY"", ""B-STATUS""]",MAPPED; keine zusätzliche Widerspruchsfeststellung bei Contract-Level-Prüfung,Layerisoliert gemäß §13; Fullfunnel darf früh sicher rejecten,NOT_EXECUTED
AV-103,Echtes Testinventar,Parameterized tests mit mehrfach gleichem formatierten Namen,PASS,EXPERIMENTALLY VERIFIED — runtime-lab; isolierte Inventory-Proben umgehen absichtlich früheren Freeze,"[""B-INVENTORY"", ""B-STATUS""]",MAPPED; keine zusätzliche Widerspruchsfeststellung bei Contract-Level-Prüfung,Layerisoliert gemäß §13; Fullfunnel darf früh sicher rejecten,NOT_EXECUTED
AV-104,Echtes Testinventar,Zwei identische Titel erhalten occurrence 0 und 1,PASS,EXPERIMENTALLY VERIFIED — runtime-lab; isolierte Inventory-Proben umgehen absichtlich früheren Freeze,"[""B-INVENTORY"", ""B-STATUS""]",MAPPED; keine zusätzliche Widerspruchsfeststellung bei Contract-Level-Prüfung,Layerisoliert gemäß §13; Fullfunnel darf früh sicher rejecten,NOT_EXECUTED
AV-105,Echtes Testinventar,it.skip bei ansonsten Exit 0,TEST_STATUS,EXPERIMENTALLY VERIFIED — runtime-lab; isolierte Inventory-Proben umgehen absichtlich früheren Freeze,"[""B-INVENTORY"", ""B-STATUS""]",MAPPED; keine zusätzliche Widerspruchsfeststellung bei Contract-Level-Prüfung,Layerisoliert gemäß §13; Fullfunnel darf früh sicher rejecten,NOT_EXECUTED
AV-106,Echtes Testinventar,it.todo bei ansonsten Exit 0,TEST_STATUS,EXPERIMENTALLY VERIFIED — runtime-lab; isolierte Inventory-Proben umgehen absichtlich früheren Freeze,"[""B-INVENTORY"", ""B-STATUS""]",MAPPED; keine zusätzliche Widerspruchsfeststellung bei Contract-Level-Prüfung,Layerisoliert gemäß §13; Fullfunnel darf früh sicher rejecten,NOT_EXECUTED
AV-107,Echtes Testinventar,Leere Testdatei,TEST_INVENTORY,EXPERIMENTALLY VERIFIED — runtime-lab; isolierte Inventory-Proben umgehen absichtlich früheren Freeze,"[""B-INVENTORY"", ""B-STATUS""]",MAPPED; keine zusätzliche Widerspruchsfeststellung bei Contract-Level-Prüfung,Layerisoliert gemäß §13; Fullfunnel darf früh sicher rejecten,NOT_EXECUTED
AV-108,Echtes Testinventar,Collection-Fehler,TEST_INVENTORY,EXPERIMENTALLY VERIFIED — runtime-lab; isolierte Inventory-Proben umgehen absichtlich früheren Freeze,"[""B-INVENTORY"", ""B-STATUS""]",MAPPED; keine zusätzliche Widerspruchsfeststellung bei Contract-Level-Prüfung,Layerisoliert gemäß §13; Fullfunnel darf früh sicher rejecten,NOT_EXECUTED
AV-109,Echtes Testinventar,it.only bei allowOnly false,TEST_STATUS,EXPERIMENTALLY VERIFIED — runtime-lab; isolierte Inventory-Proben umgehen absichtlich früheren Freeze,"[""B-INVENTORY"", ""B-STATUS""]",COVERED echter .only-Report im Paket; kein bloßer Collectionerror.,Layerisoliert gemäß §13; Fullfunnel darf früh sicher rejecten,NOT_EXECUTED
AV-110,Echtes Testinventar,Assertion-Failure im HEAD,TEST_STATUS,EXPERIMENTALLY VERIFIED — runtime-lab; isolierte Inventory-Proben umgehen absichtlich früheren Freeze,"[""B-INVENTORY"", ""B-STATUS""]",MAPPED; keine zusätzliche Widerspruchsfeststellung bei Contract-Level-Prüfung,Layerisoliert gemäß §13; Fullfunnel darf früh sicher rejecten,NOT_EXECUTED
AV-111,Echtes Testinventar,Titel geändert bei gleicher Gesamtzahl,TEST_INVENTORY,EXPERIMENTALLY VERIFIED — runtime-lab; isolierte Inventory-Proben umgehen absichtlich früheren Freeze,"[""B-INVENTORY"", ""B-STATUS""]",MAPPED; keine zusätzliche Widerspruchsfeststellung bei Contract-Level-Prüfung,Layerisoliert gemäß §13; Fullfunnel darf früh sicher rejecten,NOT_EXECUTED
AV-112,Echtes Testinventar,Neue genehmigte Datei mit zusätzlichem Test,PASS,EXPERIMENTALLY VERIFIED — runtime-lab; isolierte Inventory-Proben umgehen absichtlich früheren Freeze,"[""B-INVENTORY"", ""B-STATUS""]",MAPPED; keine zusätzliche Widerspruchsfeststellung bei Contract-Level-Prüfung,Layerisoliert gemäß §13; Fullfunnel darf früh sicher rejecten,NOT_EXECUTED
AV-113,Echtes Testinventar,"Eine Datei gelöscht, verbleibende Suite Exit 0",TEST_INVENTORY,EXPERIMENTALLY VERIFIED — runtime-lab; isolierte Inventory-Proben umgehen absichtlich früheren Freeze,"[""B-INVENTORY"", ""B-STATUS""]",MAPPED; keine zusätzliche Widerspruchsfeststellung bei Contract-Level-Prüfung,Layerisoliert gemäß §13; Fullfunnel darf früh sicher rejecten,NOT_EXECUTED
AV-114,Inventory / Infrastruktur,Unbekannter Projektname im Report,TEST_INVENTORY,SPECIFIED — noch kein Integrationstest,"[""B-INVENTORY"", ""B-STATUS""]",MAPPED; keine zusätzliche Widerspruchsfeststellung bei Contract-Level-Prüfung,Layerisoliert gemäß §13; Fullfunnel darf früh sicher rejecten,NOT_EXECUTED
AV-115,Inventory / Infrastruktur,Gleiche flache fullName-Zeichenfolge bei anderer ancestor-Struktur,TEST_INVENTORY,SPECIFIED — noch kein Integrationstest,"[""B-INVENTORY"", ""B-STATUS""]","AMBIGUOUS: Ersatz einer Baselineidentität FAIL, bloße Coexistenz anderer ancestor-Tupel PASS.",Layerisoliert gemäß §13; Fullfunnel darf früh sicher rejecten,NOT_EXECUTED
AV-116,Inventory / Infrastruktur,"Abschlussreihenfolge der Paralleltests verändert, Identitäten gleich",PASS,SPECIFIED — noch kein Integrationstest,"[""B-INVENTORY"", ""B-STATUS""]",MAPPED; keine zusätzliche Widerspruchsfeststellung bei Contract-Level-Prüfung,Layerisoliert gemäß §13; Fullfunnel darf früh sicher rejecten,NOT_EXECUTED
AV-117,Inventory / Infrastruktur,Hooks/Unhandled-Error neben bestandenen Tests,TEST_INVENTORY,SPECIFIED — noch kein Integrationstest,"[""B-INVENTORY"", ""B-STATUS""]",MAPPED; keine zusätzliche Widerspruchsfeststellung bei Contract-Level-Prüfung,Layerisoliert gemäß §13; Fullfunnel darf früh sicher rejecten,NOT_EXECUTED
AV-118,Inventory / Infrastruktur,"Ein BASE-Test fehlt, zehn neue Tests kompensieren die Anzahl",TEST_INVENTORY,SPECIFIED — noch kein Integrationstest,"[""B-INVENTORY"", ""B-STATUS""]",MAPPED; keine zusätzliche Widerspruchsfeststellung bei Contract-Level-Prüfung,Layerisoliert gemäß §13; Fullfunnel darf früh sicher rejecten,NOT_EXECUTED
AV-119,Inventory / Infrastruktur,Timeout liefert nur partielles Inventar,EXECUTION_TIMEOUT,SPECIFIED — noch kein Integrationstest,"[""B-WORKER"", ""A-LIMIT""]",MAPPED; keine zusätzliche Widerspruchsfeststellung bei Contract-Level-Prüfung,Layerisoliert gemäß §13; Fullfunnel darf früh sicher rejecten,NOT_EXECUTED
AV-120,Inventory / Infrastruktur,Compiler-Crash vor HEAD-Tests,TEST_COMPILE,SPECIFIED — noch kein Integrationstest,"[""B-TOOLCHAIN""]",MAPPED; keine zusätzliche Widerspruchsfeststellung bei Contract-Level-Prüfung,Layerisoliert gemäß §13; Fullfunnel darf früh sicher rejecten,NOT_EXECUTED
AV-121,Inventory / Infrastruktur,Gefälschter oder übergroßer Report,TEST_INVENTORY,SPECIFIED — noch kein Integrationstest,"[""B-TRANSPORT"", ""B-INVENTORY""]",LIMIT: übergroß/strukturell gefälscht reject; perfekte inprozessuale Reporterfälschung laut §6 nicht ausschließbar.,Layerisoliert gemäß §13; Fullfunnel darf früh sicher rejecten,NOT_EXECUTED
AV-122,Inventory / Infrastruktur,Fehlgeschlagene Installation,EXECUTION_SANDBOX,SPECIFIED — noch kein Integrationstest,"[""B-WORKER"", ""B-TOOLCHAIN""]",MAPPED; keine zusätzliche Widerspruchsfeststellung bei Contract-Level-Prüfung,Layerisoliert gemäß §13; Fullfunnel darf früh sicher rejecten,NOT_EXECUTED
AV-123,Inventory / Infrastruktur,Worker versucht Docker-Socket zu öffnen,EXECUTION_SANDBOX,SPECIFIED — noch kein Integrationstest,"[""B-WORKER"", ""B-TOOLCHAIN""]",LAYER: ein erfolgloser Zugriffsversuch kann vom OS abgewiesen werden und Test grün bleiben; erwartetes Ergebnis muss Isolationprobe vs Supervisorcode benennen.,Layerisoliert gemäß §13; Fullfunnel darf früh sicher rejecten,NOT_EXECUTED
AV-124,Inventory / Infrastruktur,Worker versucht Netzwerk oder Actions-Dateikommandos,EXECUTION_SANDBOX,SPECIFIED — noch kein Integrationstest,"[""B-WORKER"", ""B-TOOLCHAIN""]",LAYER: syscall/network denied ist kein automatisch beobachtbarer Supervisorfail. stdout command bleibt Daten.,Layerisoliert gemäß §13; Fullfunnel darf früh sicher rejecten,NOT_EXECUTED
AV-125,Inventory / Infrastruktur,Worker überschreibt schreibgeschützte Tests/Tools,EXECUTION_SANDBOX,SPECIFIED — noch kein Integrationstest,"[""B-WORKER"", ""B-TOOLCHAIN""]",LAYER: readonly denial ist Isolationerfolg; hostile access attempt nicht selbst ein vertrauenswürdiges Ereignis.,Layerisoliert gemäß §13; Fullfunnel darf früh sicher rejecten,NOT_EXECUTED
AV-126,Echte Mutationsprobe,"clampAtZero gibt n zurück, negativer Test wirft AssertionError",PASS,EXPERIMENTALLY VERIFIED — runtime-lab; PASS bedeutet Mutant KILLED,"[""B-PATCH"", ""B-KILL""]",MAPPED; keine zusätzliche Widerspruchsfeststellung bei Contract-Level-Prüfung,Layerisoliert gemäß §13; Fullfunnel darf früh sicher rejecten,NOT_EXECUTED
AV-127,Echte Mutationsprobe,Semantisch gleichwertige if-Form überlebt,MUTANT_SURVIVED,EXPERIMENTALLY VERIFIED — runtime-lab; PASS bedeutet Mutant KILLED,"[""B-PATCH"", ""B-KILL""]",MAPPED; keine zusätzliche Widerspruchsfeststellung bei Contract-Level-Prüfung,Layerisoliert gemäß §13; Fullfunnel darf früh sicher rejecten,NOT_EXECUTED
AV-128,Echte Mutationsprobe,Anker fehlt,MUTANT_NOT_APPLIED,EXPERIMENTALLY VERIFIED — runtime-lab; PASS bedeutet Mutant KILLED,"[""B-PATCH"", ""B-KILL""]",MAPPED; keine zusätzliche Widerspruchsfeststellung bei Contract-Level-Prüfung,Layerisoliert gemäß §13; Fullfunnel darf früh sicher rejecten,NOT_EXECUTED
AV-129,Echte Mutationsprobe,Mutation erzeugt ungültige Syntax,MUTANT_INFRA,EXPERIMENTALLY VERIFIED — runtime-lab; PASS bedeutet Mutant KILLED,"[""B-PATCH"", ""B-KILL""]",MAPPED; keine zusätzliche Widerspruchsfeststellung bei Contract-Level-Prüfung,Layerisoliert gemäß §13; Fullfunnel darf früh sicher rejecten,NOT_EXECUTED
AV-130,Echte Mutationsprobe,Mutation wirft Fehler beim Import,MUTANT_INFRA,EXPERIMENTALLY VERIFIED — runtime-lab; PASS bedeutet Mutant KILLED,"[""B-PATCH"", ""B-KILL""]",MAPPED; keine zusätzliche Widerspruchsfeststellung bei Contract-Level-Prüfung,Layerisoliert gemäß §13; Fullfunnel darf früh sicher rejecten,NOT_EXECUTED
AV-131,Echte Mutationsprobe,Mutation blockiert bis Prozess-Deadline,MUTANT_INFRA,EXPERIMENTALLY VERIFIED — runtime-lab; PASS bedeutet Mutant KILLED,"[""B-PATCH"", ""B-KILL""]",MAPPED; keine zusätzliche Widerspruchsfeststellung bei Contract-Level-Prüfung,Layerisoliert gemäß §13; Fullfunnel darf früh sicher rejecten,NOT_EXECUTED
AV-132,Mutation / Zusatzangriffe,Anker erscheint zweimal einschließlich überlappender Treffer,MUTANT_NOT_APPLIED,SPECIFIED — noch kein Integrationstest,"[""B-PATCH"", ""B-KILL""]",MAPPED; keine zusätzliche Widerspruchsfeststellung bei Contract-Level-Prüfung,Layerisoliert gemäß §13; Fullfunnel darf früh sicher rejecten,NOT_EXECUTED
AV-133,Mutation / Zusatzangriffe,Replacement entspricht Anchor bytegenau,MUTANT_NOT_APPLIED,SPECIFIED — noch kein Integrationstest,"[""B-PATCH"", ""B-KILL""]",MAPPED; keine zusätzliche Widerspruchsfeststellung bei Contract-Level-Prüfung,Layerisoliert gemäß §13; Fullfunnel darf früh sicher rejecten,NOT_EXECUTED
AV-134,Mutation / Zusatzangriffe,Patch verändert eine zweite Datei,MUTANT_NOT_APPLIED,SPECIFIED — noch kein Integrationstest,"[""B-PATCH"", ""B-KILL""]",MAPPED; keine zusätzliche Widerspruchsfeststellung bei Contract-Level-Prüfung,Layerisoliert gemäß §13; Fullfunnel darf früh sicher rejecten,NOT_EXECUTED
AV-135,Mutation / Zusatzangriffe,Mutation auf Testdatei statt genehmigtem Source-Pfad,POLICY_INVALID,SPECIFIED — noch kein Integrationstest,"[""B-PATCH"", ""B-SCOPE""]",MAPPED; keine zusätzliche Widerspruchsfeststellung bei Contract-Level-Prüfung,Layerisoliert gemäß §13; Fullfunnel darf früh sicher rejecten,NOT_EXECUTED
AV-136,Mutation / Zusatzangriffe,Ein benannter Test fehlt in Mutationsergebnis,MUTANT_INFRA,SPECIFIED — noch kein Integrationstest,"[""B-KILL""]",MAPPED; keine zusätzliche Widerspruchsfeststellung bei Contract-Level-Prüfung,Layerisoliert gemäß §13; Fullfunnel darf früh sicher rejecten,NOT_EXECUTED
AV-137,Mutation / Zusatzangriffe,AssertionError im Hook statt im benannten Test,MUTANT_INFRA,SPECIFIED — noch kein Integrationstest,"[""B-KILL""]",MAPPED; keine zusätzliche Widerspruchsfeststellung bei Contract-Level-Prüfung,Layerisoliert gemäß §13; Fullfunnel darf früh sicher rejecten,NOT_EXECUTED
AV-138,Mutation / Zusatzangriffe,Timeout plus bereits eingetretener AssertionError,MUTANT_INFRA,SPECIFIED — noch kein Integrationstest,"[""B-KILL""]",MAPPED; keine zusätzliche Widerspruchsfeststellung bei Contract-Level-Prüfung,Layerisoliert gemäß §13; Fullfunnel darf früh sicher rejecten,NOT_EXECUTED
AV-139,Mutation / Zusatzangriffe,Signal/OOM neben Testfehler,MUTANT_INFRA,SPECIFIED — noch kein Integrationstest,"[""B-KILL""]",MAPPED; keine zusätzliche Widerspruchsfeststellung bei Contract-Level-Prüfung,Layerisoliert gemäß §13; Fullfunnel darf früh sicher rejecten,NOT_EXECUTED
AV-140,Mutation / Zusatzangriffe,Exit 1 ohne Assertion-Report,MUTANT_INFRA,SPECIFIED — noch kein Integrationstest,"[""B-KILL""]",MAPPED; keine zusätzliche Widerspruchsfeststellung bei Contract-Level-Prüfung,Layerisoliert gemäß §13; Fullfunnel darf früh sicher rejecten,NOT_EXECUTED
AV-141,Mutation / Zusatzangriffe,Developer meldet detected ohne unabhängigen Mutantenlauf,MUTANT_INFRA,SPECIFIED — noch kein Integrationstest,"[""B-KILL""]",CLARIFY: fehlender required Mutant NOT_APPLIED vs explizite fake-evidence INFRA; konkrete Fixtures unterscheiden.,Layerisoliert gemäß §13; Fullfunnel darf früh sicher rejecten,NOT_EXECUTED
AV-142,Mutation / Zusatzangriffe,Equivalent-Rationale soll SURVIVED freistellen,MUTANT_SURVIVED,SPECIFIED — noch kein Integrationstest,"[""B-KILL""]",MAPPED; keine zusätzliche Widerspruchsfeststellung bei Contract-Level-Prüfung,Layerisoliert gemäß §13; Fullfunnel darf früh sicher rejecten,NOT_EXECUTED
AV-143,Review / Final,Owner COMMENTED mit allen richtigen Bindungen,PASS,SPECIFIED — noch kein Integrationstest,"[""C-REVIEW"", ""C-INDEPENDENCE""]",MAPPED; keine zusätzliche Widerspruchsfeststellung bei Contract-Level-Prüfung,Layerisoliert gemäß §13; Fullfunnel darf früh sicher rejecten,NOT_EXECUTED
AV-144,Review / Final,APPROVED statt vorgeschriebenem COMMENTED,REVIEW_BLOCKED,SPECIFIED — noch kein Integrationstest,"[""C-REVIEW"", ""C-INDEPENDENCE""]",MAPPED; keine zusätzliche Widerspruchsfeststellung bei Contract-Level-Prüfung,Layerisoliert gemäß §13; Fullfunnel darf früh sicher rejecten,NOT_EXECUTED
AV-145,Review / Final,"Owner-Login stimmt, numeric ID nicht",REVIEW_MISSING,SPECIFIED — noch kein Integrationstest,"[""C-REVIEW"", ""C-INDEPENDENCE""]",MAPPED; keine zusätzliche Widerspruchsfeststellung bei Contract-Level-Prüfung,Layerisoliert gemäß §13; Fullfunnel darf früh sicher rejecten,NOT_EXECUTED
AV-146,Review / Final,commit_id ist alter HEAD,REVIEW_BINDING,SPECIFIED — noch kein Integrationstest,"[""C-REVIEW"", ""C-INDEPENDENCE""]",MAPPED; keine zusätzliche Widerspruchsfeststellung bei Contract-Level-Prüfung,Layerisoliert gemäß §13; Fullfunnel darf früh sicher rejecten,NOT_EXECUTED
AV-147,Review / Final,"Selbe Truth/Quellen, anderer Contracthash in Review",REVIEW_BINDING,SPECIFIED — noch kein Integrationstest,"[""C-REVIEW"", ""C-INDEPENDENCE""]",MAPPED; keine zusätzliche Widerspruchsfeststellung bei Contract-Level-Prüfung,Layerisoliert gemäß §13; Fullfunnel darf früh sicher rejecten,NOT_EXECUTED
AV-148,Review / Final,Review auf falsche PR oder Repository-ID,REVIEW_BINDING,SPECIFIED — noch kein Integrationstest,"[""C-REVIEW"", ""C-INDEPENDENCE""]",MAPPED; keine zusätzliche Widerspruchsfeststellung bei Contract-Level-Prüfung,Layerisoliert gemäß §13; Fullfunnel darf früh sicher rejecten,NOT_EXECUTED
AV-149,Review / Final,External-Review-Hash passt nicht zu eingebetteten Bytes,REVIEW_BINDING,SPECIFIED — noch kein Integrationstest,"[""C-REVIEW"", ""C-INDEPENDENCE""]",MAPPED; keine zusätzliche Widerspruchsfeststellung bei Contract-Level-Prüfung,Layerisoliert gemäß §13; Fullfunnel darf früh sicher rejecten,NOT_EXECUTED
AV-150,Review / Final,External-Review result reject,REVIEW_BLOCKED,SPECIFIED — noch kein Integrationstest,"[""C-REVIEW"", ""C-INDEPENDENCE""]","CONTRADICTORY TOKEN: §9 erlaubt request_changes, nicht reject; invalid schema vs REVIEW_BLOCKED.",Layerisoliert gemäß §13; Fullfunnel darf früh sicher rejecten,NOT_EXECUTED
AV-151,Review / Final,Externer Reviewer nur als Chat-Anzeigename angegeben,REVIEW_FORMAT,SPECIFIED — noch kein Integrationstest,"[""C-REVIEW"", ""C-INDEPENDENCE""]",MAPPED; keine zusätzliche Widerspruchsfeststellung bei Contract-Level-Prüfung,Layerisoliert gemäß §13; Fullfunnel darf früh sicher rejecten,NOT_EXECUTED
AV-152,Review / Final,PENDING Review,REVIEW_MISSING,SPECIFIED — noch kein Integrationstest,"[""C-LATEST""]",MAPPED; keine zusätzliche Widerspruchsfeststellung bei Contract-Level-Prüfung,Layerisoliert gemäß §13; Fullfunnel darf früh sicher rejecten,NOT_EXECUTED
AV-153,Review / Final,Maßgebliche Review DISMISSED,REVIEW_BLOCKED,SPECIFIED — noch kein Integrationstest,"[""C-LATEST"", ""C-REVIEW""]",MAPPED; keine zusätzliche Widerspruchsfeststellung bei Contract-Level-Prüfung,Layerisoliert gemäß §13; Fullfunnel darf früh sicher rejecten,NOT_EXECUTED
AV-154,Review / Final,Review-Body zwischen Gate und Final editiert,REVIEW_CHANGED,SPECIFIED — noch kein Integrationstest,"[""C-EDIT""]",BLOCKING: Gate→Stage2-Reviewdigest fehlt im fixen Receipt; siehe F02/P04.,Layerisoliert gemäß §13; Fullfunnel darf früh sicher rejecten,NOT_EXECUTED
AV-155,Review / Final,Review vor erster Beobachtung editiert und jetzt korrekt gebunden,PASS,SPECIFIED — noch kein Integrationstest,"[""C-EDIT""]",OBSERVATION BOUNDARY: before first observation gilt je Job oder gesamtem Attempt? F02.,Layerisoliert gemäß §13; Fullfunnel darf früh sicher rejecten,NOT_EXECUTED
AV-156,Review / Final,Maßgebliche Review zwischen Gate und Final gelöscht,REVIEW_CHANGED,SPECIFIED — noch kein Integrationstest,"[""C-EDIT""]",MAPPED; keine zusätzliche Widerspruchsfeststellung bei Contract-Level-Prüfung,Layerisoliert gemäß §13; Fullfunnel darf früh sicher rejecten,NOT_EXECUTED
AV-157,Review / Final,"Neuere malformed Owner-Attestation, ältere korrekt",REVIEW_FORMAT,SPECIFIED — noch kein Integrationstest,"[""C-LATEST"", ""C-REVIEW""]",MAPPED; keine zusätzliche Widerspruchsfeststellung bei Contract-Level-Prüfung,Layerisoliert gemäß §13; Fullfunnel darf früh sicher rejecten,NOT_EXECUTED
AV-158,Review / Final,"Neuere stale Owner-Attestation, ältere korrekt",REVIEW_BINDING,SPECIFIED — noch kein Integrationstest,"[""C-LATEST"", ""C-REVIEW""]",MAPPED; keine zusätzliche Widerspruchsfeststellung bei Contract-Level-Prüfung,Layerisoliert gemäß §13; Fullfunnel darf früh sicher rejecten,NOT_EXECUTED
AV-159,Review / Final,Neuer Widerruf,REVIEW_BLOCKED,SPECIFIED — noch kein Integrationstest,"[""C-LATEST"", ""C-REVIEW""]",MAPPED; keine zusätzliche Widerspruchsfeststellung bei Contract-Level-Prüfung,Layerisoliert gemäß §13; Fullfunnel darf früh sicher rejecten,NOT_EXECUTED
AV-160,Review / Final,Neue Freigabe ohne explizites supersedes der Blocker,REVIEW_BLOCKED,SPECIFIED — noch kein Integrationstest,"[""C-LATEST"", ""C-REVIEW""]",MAPPED; keine zusätzliche Widerspruchsfeststellung bei Contract-Level-Prüfung,Layerisoliert gemäß §13; Fullfunnel darf früh sicher rejecten,NOT_EXECUTED
AV-161,Review / Final,Neue Freigabe supersedes alle bekannten Blocker,PASS,SPECIFIED — noch kein Integrationstest,"[""C-LATEST"", ""C-REVIEW""]",GAP: Supersedesclosure und genaue Menge aller bekannten/noch aktiven Blocker fehlen.,Layerisoliert gemäß §13; Fullfunnel darf früh sicher rejecten,NOT_EXECUTED
AV-162,Review / Final,Neue widersprechende autorisierte Findings nach Freigabe,REVIEW_BLOCKED,SPECIFIED — noch kein Integrationstest,"[""C-LATEST"", ""C-REVIEW""]",CLARIFY: ausschließlich Owner ist autorisierter Findings-Schreiber; nicht zweite frei gelabelte AI-Person.,Layerisoliert gemäß §13; Fullfunnel darf früh sicher rejecten,NOT_EXECUTED
AV-163,Review / Final,Unbeteiligter öffentlicher Kommentar ohne Autorisierung,PASS,SPECIFIED — noch kein Integrationstest,"[""C-LATEST"", ""C-REVIEW""]",MAPPED; keine zusätzliche Widerspruchsfeststellung bei Contract-Level-Prüfung,Layerisoliert gemäß §13; Fullfunnel darf früh sicher rejecten,NOT_EXECUTED
AV-164,Review / Final,PR wird während Tests geschlossen,PR_STATE,SPECIFIED — noch kein Integrationstest,"[""C-FINAL""]",MAPPED; keine zusätzliche Widerspruchsfeststellung bei Contract-Level-Prüfung,Layerisoliert gemäß §13; Fullfunnel darf früh sicher rejecten,NOT_EXECUTED
AV-165,Review / Final,Head bewegt sich während Tests,PR_STALE,SPECIFIED — noch kein Integrationstest,"[""C-FINAL""]",MAPPED; keine zusätzliche Widerspruchsfeststellung bei Contract-Level-Prüfung,Layerisoliert gemäß §13; Fullfunnel darf früh sicher rejecten,NOT_EXECUTED
AV-166,Review / Final,main bewegt sich während Tests,PR_STALE,SPECIFIED — noch kein Integrationstest,"[""C-FINAL""]",MAPPED; keine zusätzliche Widerspruchsfeststellung bei Contract-Level-Prüfung,Layerisoliert gemäß §13; Fullfunnel darf früh sicher rejecten,NOT_EXECUTED
AV-167,Review / Final,Policyhash bewegt sich im geprüften Snapshot,POLICY_CHANGED,SPECIFIED — noch kein Integrationstest,"[""C-FINAL""]",LAYER: gleiche immutable B-SHA und andere Policybytes ist kein normaler Git-Run; OID-/Startsnapshot-Prüfgrenze explizit.,Layerisoliert gemäß §13; Fullfunnel darf früh sicher rejecten,NOT_EXECUTED
AV-168,Review / Final,"Original actor Codex, triggering_actor numerisch Owner, Attempt 2 komplett",PASS,SPECIFIED — noch kein Integrationstest,"[""C-ATTEMPT""]",MAPPED; keine zusätzliche Widerspruchsfeststellung bei Contract-Level-Prüfung,Layerisoliert gemäß §13; Fullfunnel darf früh sicher rejecten,NOT_EXECUTED
AV-169,Review / Final,triggering_actor Codex bei Attempt 2,IDENTITY_RECHECK,SPECIFIED — noch kein Integrationstest,"[""C-ATTEMPT""]",MAPPED; keine zusätzliche Widerspruchsfeststellung bei Contract-Level-Prüfung,Layerisoliert gemäß §13; Fullfunnel darf früh sicher rejecten,NOT_EXECUTED
AV-170,Review / Final,Re-run failed jobs verwendet Gate-Receipt von Attempt 1,IDENTITY_RECHECK,SPECIFIED — noch kein Integrationstest,"[""C-ATTEMPT""]",C3 MASK: aktueller Attemptjobset enthält ebenfalls kein frisches Gate; Codewechsel allein ist kein Securitykill.,Layerisoliert gemäß §13; Fullfunnel darf früh sicher rejecten,NOT_EXECUTED
AV-171,Review / Final,Doppelter forge-verify-Job im selben Attempt,POLICY_CHECKS,SPECIFIED — noch kein Integrationstest,"[""C-WORKFLOW"", ""C-ATTEMPT""]",MAPPED; keine zusätzliche Widerspruchsfeststellung bei Contract-Level-Prüfung,Layerisoliert gemäß §13; Fullfunnel darf früh sicher rejecten,NOT_EXECUTED
AV-172,Review / Final,Fremder Workflow liefert gleichnamigen Check,POLICY_CHECKS,SPECIFIED — noch kein Integrationstest,"[""C-WORKFLOW"", ""C-ATTEMPT""]",GAP: aktuelle-Run-Jobs lesen keine fremden Check-Runs; Runtime-Nachweis vs deploymentPolicy konkret trennen.,Layerisoliert gemäß §13; Fullfunnel darf früh sicher rejecten,NOT_EXECUTED
AV-173,Review / Final,Alte grüne Checks sollen neue SHA freigeben,POLICY_CHECKS,SPECIFIED — noch kein Integrationstest,"[""C-WORKFLOW"", ""C-ATTEMPT""]","DEPLOYMENT: Supervisor kann aktuellen Run binden, native Merge-Enforcement/stale-green bleibt Plattformabnahme.",Layerisoliert gemäß §13; Fullfunnel darf früh sicher rejecten,NOT_EXECUTED
AV-174,Review / Final,Native PR-target-Checkzuordnung nicht durch Live-Drill belegt,POLICY_DEPLOYMENT,SPECIFIED — noch kein Integrationstest,"[""C-DEPLOY""]",MAPPED; keine zusätzliche Widerspruchsfeststellung bei Contract-Level-Prüfung,Layerisoliert gemäß §13; Fullfunnel darf früh sicher rejecten,NOT_EXECUTED
AV-175,Review / Final,Plattformpolicy nicht administrativ geprüft/attestiert,POLICY_DEPLOYMENT,SPECIFIED — noch kein Integrationstest,"[""C-DEPLOY""]",MAPPED; keine zusätzliche Widerspruchsfeststellung bei Contract-Level-Prüfung,Layerisoliert gemäß §13; Fullfunnel darf früh sicher rejecten,NOT_EXECUTED
AV-176,Review / Final,API-Lesefehler oder unvollständige Pagination,EXECUTION_API,SPECIFIED — noch kein Integrationstest,"[""C-FINAL"", ""A-INPUT""]",MAPPED; keine zusätzliche Widerspruchsfeststellung bei Contract-Level-Prüfung,Layerisoliert gemäß §13; Fullfunnel darf früh sicher rejecten,NOT_EXECUTED
AV-177,Review / Final,Cleanup schlägt nach ansonsten grünen Tests fehl,EXECUTION_IO,SPECIFIED — noch kein Integrationstest,"[""X-CLEANUP""]",MAPPED; keine zusätzliche Widerspruchsfeststellung bei Contract-Level-Prüfung,Layerisoliert gemäß §13; Fullfunnel darf früh sicher rejecten,NOT_EXECUTED
