id,golden_input,golden_expected,reference_actual,normative_source,root_cause,classification,status
"D01","src/a b.ts","REJECT/PATH_UNSAFE","PASS","A path grammar + Quality §10","legacy permissive path grammar","REFERENCE BUG","RESOLVED_AGAINST_CURRENT_DRAFT"
"D02","src/café.ts","REJECT/PATH_UNSAFE","PASS","A path grammar + Quality §10","legacy permissive Unicode","REFERENCE BUG","RESOLVED_AGAINST_CURRENT_DRAFT"
"D03","src/a@b.ts","REJECT/PATH_UNSAFE","PASS","A path grammar + Quality §10","legacy permissive @","REFERENCE BUG","RESOLVED_AGAINST_CURRENT_DRAFT"
"D04","src/-a.ts","REJECT/PATH_UNSAFE","PASS","A path grammar + Quality §10","legacy permissive leading hyphen","REFERENCE BUG","RESOLVED_AGAINST_CURRENT_DRAFT"
"D05","ADD forge/coordination/x.md absent scope","REJECT/SCOPE_VIOLATION","PASS","B exact scope + Quality §4/10","legacy coordination exception","REFERENCE BUG","RESOLVED_AGAINST_CURRENT_DRAFT"
"D06","exit=2 + named AssertionError","REJECT/INFRA_FAILURE","KILLED","B B3 + Quality §5","generic nonzero accepted as kill","REFERENCE BUG","RESOLVED_AGAINST_CURRENT_DRAFT"
"D07","signal exit + assertion witness","REJECT/INFRA_FAILURE","KILLED","B mutation semantics + Quality §5","signal accepted as kill","REFERENCE BUG","RESOLVED_AGAINST_CURRENT_DRAFT"
"D08","target assertion + extra unnamed failure","REJECT/INFRA_FAILURE","KILLED","B inventory/mutation witness + Quality §5","extra failing identity ignored","REFERENCE BUG","RESOLVED_AGAINST_CURRENT_DRAFT"
"D09","AssertionError + TypeError","REJECT/INFRA_FAILURE","KILLED","B B3 + Quality §5","infra error not excluded","REFERENCE BUG","RESOLVED_AGAINST_CURRENT_DRAFT"
"D10","same title, wrong ancestor identity","REJECT/INFRA_FAILURE","KILLED","B structured identity + Quality §5","title match too weak","REFERENCE BUG","RESOLVED_AGAINST_CURRENT_DRAFT"
"D11","ababa / anchor aba overlap","REJECT/NOT_APPLIED","KILLED","B exact-once mutation + Quality §5","non-overlap count misses second anchor","REFERENCE BUG","RESOLVED_AGAINST_CURRENT_DRAFT"
"D12","new HEAD above BASE has 2 parents","REJECT/HISTORY_PARENT_COUNT","PASS","A Acceptance: second parent forbidden above BASE","missing one-parent guard","REFERENCE BUG","RESOLVED_AGAINST_CURRENT_DRAFT"
"D13","protected intermediate change later reverted","REJECT/INTERMEDIATE_SCOPE","PASS","A/B history + exact scope; Quality §6","net end diff hides intermediate violation","REFERENCE BUG","RESOLVED_AGAINST_CURRENT_DRAFT"
"D14","BASE==HEAD","REJECT/EMPTY_HISTORY","PASS","A history; Quality §6","zero-new-commit history accepted","REFERENCE BUG","RESOLVED_AGAINST_CURRENT_DRAFT"
"D15","new commits, empty final canonical diff","REJECT/EMPTY_END_DIFF","PASS","A history; Quality §6","reachability mistaken for admissible change","REFERENCE BUG","RESOLVED_AGAINST_CURRENT_DRAFT"
"D16","129 commits above BASE","REJECT/HISTORY_LIMIT","PASS","A history bound; Certification F03","history bound absent/wrong","REFERENCE BUG","RESOLVED_AGAINST_CURRENT_DRAFT"
